url,name,description
https://bros.ai,Bros.ai,AI-powered platform
https://atayen.us,Atayen,Technology services platform
https://fireboiler.com,Fire Boiler,Heating and boiler services
https://iframe-apps.com,iFrame Apps,Web application development
https://www.satt.com,SATT,Technology transfer company
https://roamchat.app,RoamChat,Mobile chat application
https://bros-ai.github.io/Aide-Financement-Entreprise,Aide Financement Entreprise,Business financing assistance
https://filemerger.com,File Merger,File merging and management tool
https://wallet-analyser.com,Wallet Analyser,Cryptocurrency wallet analysis
https://whosthefairest.app,Who's The Fairest,Comparison and ranking app
https://replegend.ai,RepLegend AI,AI-powered reputation management
https://aifr.ai,AIFR AI,Artificial intelligence platform
https://optimoney.app,OptiMoney,Financial optimization app
https://4wp.ai,4WP AI,WordPress AI solutions
https://d4t4.ai,D4T4 AI,Data analytics and AI platform
https://glowroutine.ai,Glow Routine AI,AI-powered skincare routine
https://shitcoinwc.com,ShitcoinWC,Cryptocurrency tracking
https://opsgen.com,OpsGen,Operations and process generation
https://moon.biz,Moon Biz,Business and investment platform
https://mwf.io,MWF.io,Web development framework
https://whenmoon.io,WhenMoon,Cryptocurrency price tracking
https://sportfiler.com,SportFiler,Sports data management
https://apikeyconnect.com,API Key Connect,API key management service
https://molforge.ai,MolForge AI,Molecular design AI platform
https://smartmerge.ai,SmartMerge AI,AI-powered data merging
https://ihave.io,iHave.io,Asset and inventory management
https://contactform.net,Contact Form,Contact form builder
https://simulateurbudget.fr,Simulateur Budget,French budget calculator
https://421roulette.com,421 Roulette,Online roulette game
https://btcclicempire.com,BTC Clic Empire,Bitcoin clicking game
https://emoji2ico.com,Emoji2ICO,Emoji to icon converter
https://emoji2image.com,Emoji2Image,Emoji to image converter
https://france-budget.com,France Budget,French budget management
https://taskwallpaper.com,Task Wallpaper,Productivity wallpaper tool
https://landingpageplugin.com,Landing Page Plugin,WordPress landing page plugin
https://ocrpdf2txt.com,OCR PDF2TXT,PDF to text OCR converter
https://r3l04d.com,R3L04D,Website reload and testing tool
https://readmefactory.com,README Factory,Documentation generator
https://yamsroulette.com,Yams Roulette,Online dice game
https://wpsaasplugin.com,WP SaaS Plugin,WordPress SaaS solutions
https://theqrcodemaker.com,The QR Code Maker,QR code generation tool
https://wppopupplugin.com,WP Popup Plugin,WordPress popup plugin
https://walletanalyser.com,Wallet Analyser,Financial wallet analysis
https://clairedemarches.fr,Claire Demarches,French administrative procedures